id,name,first_name,last_name,team,position,positions,status,injury_status
061ya,Brennan Johnson,,,TOT,F,F,,
06kwp,Josh Acheampong,,,CHE,D,D,5,
02lsa,Dan Burn,,,NEW,D,D,,
05w9i,Marc Cucurella,,,CHE,D,D,,
051k7,Reece James,,,CHE,D,D,,
0558w,William Saliba,,,ARS,D,D,,
06v0g,Trai Hume,,,SUN,D,D,,
05n07,Pedro Porro,,,TOT,D,D,,
06p4k,Matthijs de Ligt,,,MUN,D,D,5,
04e1e,Ben White,,,ARS,D,D,,
05w7t,Pape Sarr,,,TOT,M,M,5,
03hff,Josh Cullen,,,BUR,M,M,5,
0635j,Chris Richards,,,CRY,D,D,5,
04rh9,David Brooks,,,BOU,M,M,5,
0427d,James Tarkowski,,,EVE,D,D,,
05nzu,Gabriel Magalhaes,,,ARS,D,D,,
05s08,Valentino Livramento,,,NEW,D,D,,
05akv,Tyrick Mitchell,,,CRY,D,D,,
06mn0,Igor Thiago,,,BRF,F,F,,
05o4b,Matty Cash,,,AVL,D,D,5,
0700t,Omar Alderete,,,SUN,D,D,5,
0522h,Alexis Mac Allister,,,LIV,M,M,,
05ye7,Oscar Bobb,,,MCI,M,M,,
03dx3,Kieran Trippier,,,NEW,D,D,5,
05gcr,Bruno Fernandes,,,MUN,M,M,,
05opj,Elliot Anderson,,,NOT,M,M,,
05uoc,Cristian Romero,,,TOT,D,D,,
04mup,Trevoh Chalobah,,,CHE,D,D,,
06v0s,Eliezer Mayenda,,,SUN,F,F,5,
03yqz,Joe Rodon,,,LEE,D,D,5,
04fk6,Bernardo Silva,,,MCI,M,M,,
04abn,Harvey Barnes,,,NEW,M,M,,
050jq,Marc Guehi,,,CRY,D,D,,
0639x,Marcus Tavernier,,,BOU,M,M,,
06ezb,Micky van de Ven,,,TOT,D,D,,
05mzz,Pascal Struijk,,,LEE,D,D,5,
06phw,Federico Chiesa,,,LIV,F,F,5,
03frx,Ola Aina,,,NOT,D,D,5,
04tm0,Lucas Digne,,,AVL,D,D,,
067yz,Matheus Cunha,,,MUN,F,F,,
06v07,Rayan Cherki,,,MCI,M,M,,
02yl5,John Stones,,,MCI,D,D,5,
06v0t,Wilson Isidor,,,SUN,F,F,5,
06cmm,Dominik Szoboszlai,,,LIV,M,M,,
06rm7,Nico González,,,MCI,M,M,5,
062ts,Djed Spence,,,TOT,D,D,,
04lnu,Lukas Nmecha,,,LEE,F,F,5,
0689w,Georginio Rutter,,,BHA,F,F,,
06yb9,Reinildo Isnard Mandava,,,SUN,D,D,5,
05r9b,Martin Odegaard,,,ARS,M,M,,
06jgi,Daniel Munoz,,,CRY,D,D,,
06zna,Dan Ndoye,,,NOT,F,F,,
05o8o,Jayden Bogle,,,LEE,D,D,5,
05omu,Ruben Dias,,,MCI,D,D,5,
06ymu,El Hadji Malick Diouf,,,WHU,M,M,,
03rec,Tyrone Mings,,,AVL,D,D,5,
06fso,Wataru Endo,,,LIV,M,M,5,
06mx0,Leny Yoro,,,MUN,D,D,5,
068yd,Joao Gomes,,,WOL,M,M,5,
056iy,Pedro Neto,,,CHE,F,F,,
0626q,Simon Adingra,,,SUN,M,M,,
061vn,Rodrigo Muniz,,,FUL,F,F,,
06ybq,Chemsdine Talbi,,,SUN,F,F,5,
04lav,Ethan Ampadu,,,LEE,D,D,5,
06cms,Sandro Tonali,,,NEW,M,M,5,
06mpp,Mats Wieffer,,,BHA,M,M,,
04e1c,Lewis Dunk,,,BHA,D,D,5,
05ogb,Anthony Elanga,,,NEW,F,F,,
038ze,Alex Iwobi,,,FUL,M,M,,
06c4o,Lyle Foster,,,BUR,F,F,5,
05ocl,Ollie Watkins,,,AVL,F,F,,
05rb8,Moises Caicedo,,,CHE,M,M,,
06jgs,Adam Wharton,,,CRY,M,M,,
05220,Sepp van den Berg,,,BRF,D,D,5,
068yr,Hamed Traore,,,BOU,M,M,5,
04agz,Declan Rice,,,ARS,M,M,,
04mi4,Callum Hudson-Odoi,,,NOT,F,F,,
0435m,Granit Xhaka,,,SUN,M,M,,
04mdn,Anthony Gordon,,,NEW,M,M,,
063hu,Amadou Onana,,,AVL,M,M,5,
05trb,Bryan Mbeumo,,,MUN,F,F,,
05nt6,Eberechi Eze,,,CRY,M,M,,
06mn7,Lucas Bergvall,,,TOT,M,M,5,
04y92,Bukayo Saka,,,ARS,M,M,,
05r34,Amad Diallo,,,MUN,M,M,,
06mow,Jorgen Strand Larsen,,,WOL,F,F,,
05gcc,Kiernan Dewsbury-Hall,,,EVE,M,M,,
05os8,Joachim Andersen,,,FUL,D,D,5,
06v21,Florian Wirtz,,,LIV,M,M,,
06y9n,Jamie Gittens,,,CHE,F,F,,
03rxs,Harry Wilson,,,FUL,M,M,,
05r94,Iliman Ndiaye,,,EVE,M,M,,
061va,Boubacar Kamara,,,AVL,M,M,5,
03dyx,Josh Laurent,,,BUR,M,M,5,
06fwi,Carlos Baleba,,,BHA,M,M,5,
02oq6,Luke Shaw,,,MUN,D,D,5,
062h7,Tyler Adams,,,BOU,M,M,5,
06mw0,Nikola Milenkovic,,,NOT,D,D,,
06y9z,Martin Zubimendi,,,ARS,M,M,,
061vk,Jaidon Anthony,,,BUR,F,F,5,
05tr9,Mathias Jensen,,,BRF,M,M,5,
05ue7,Frank Onyeka,,,BRF,M,M,5,
05748,Ismaila Sarr,,,CRY,M,M,,
05a6e,Neco Williams,,,NOT,D,D,,
046c5,Jarrod Bowen,,,WHU,F,F,,
05uht,Morgan Rogers,,,AVL,M,M,,
05r8o,Jean-Philippe Mateta,,,CRY,F,F,,
06fwz,Murillo,,,NOT,D,D,,
06fvn,Beto,,,EVE,F,F,,
051k0,John McGinn,,,AVL,M,M,5,
05oh0,Jan-Paul van Hecke,,,BHA,D,D,5,
061vp,Brenden Aaronson,,,LEE,M,M,5,
06uzy,Ao Tanaka,,,LEE,M,M,5,
04adp,Aaron Wan-Bissaka,,,WHU,D,D,,
06y9m,Maxim De Cuyper,,,BHA,D,D,,
05l8q,Cole Palmer,,,CHE,M,M,,
05ylj,Bruno Guimaraes,,,NEW,M,M,,
06rlj,Patrick Dorgu,,,MUN,D,D,,
052cd,Mason Mount,,,MUN,M,M,5,
06rma,Marshall Munetsi,,,WOL,M,M,5,
0327r,Michael Keane,,,EVE,D,D,5,
03yr0,Daniel James,,,LEE,M,M,,
05oeh,Kenny Tete,,,FUL,D,D,5,
052h5,Gabriel Martinelli,,,ARS,M,M,,
06zxy,Benjamin Sesko,,,MUN,F,F,,
064a0,Wilfried Gnonto,,,LEE,F,F,,
062oh,Jake O'Brien,,,EVE,D,D,5,
06jgr,Maxime Esteve,,,BUR,D,D,5,
04spw,James Garner,,,EVE,M,M,5,
0642l,Casemiro,,,MUN,M,M,5,
06r5b,Diego Gómez,,,BHA,M,M,5,
06y59,Noah Sadiki,,,SUN,M,M,5,
06fxu,Ibrahim Sangare,,,NOT,M,M,5,
04yo7,Youri Tielemans,,,AVL,M,M,,
0687c,Carlos Alcaraz,,,EVE,M,M,,
066r9,Ehor Yarmolyuk,,,BRF,M,M,5,
06rgg,Michael Kayode,,,BRF,D,D,,
04qfz,Diogo Dalot,,,MUN,D,D,5,
063e7,Marcos Senesi,,,BOU,D,D,5,
06v6n,Quilindschy Hartman,,,BUR,D,D,5,
02lp5,Adam Smith,,,BOU,D,D,5,
06v05,Jeremie Frimpong,,,LIV,D,D,,
068ym,Enzo Fernandez,,,CHE,M,M,,
06c6g,Yankuba Minteh,,,BHA,M,M,,
0647t,Lucas Paqueta,,,WHU,M,M,,
05gcp,Tomas Soucek,,,WHU,M,M,5,
06jh3,Joshua King,,,FUL,M,M,5,
06y29,Habib Diarra,,,SUN,M,M,5,
05y7c,Archie Gray,,,TOT,M,M,5,
06f8y,Alex Scott,,,BOU,M,M,5,
03rxa,Idrissa Gueye,,,EVE,M,M,5,
068yc,Yasin Ayari,,,BHA,M,M,5,
05tqz,Rico Henry,,,BRF,D,D,5,
05raa,Hugo Bueno,,,WOL,D,D,5,
061y6,Ryan Yates,,,NOT,M,M,5,
06o2t,Niclas Füllkrug,,,WHU,F,F,,
04o82,Curtis Jones,,,LIV,M,M,5,
04yjx,Ki-Jana Hoever,,,WOL,D,D,5,
068yt,Sasa Lukic,,,FUL,M,M,5,
06kyx,Andy Irving,,,WHU,M,M,5,
06uyc,Adrien Truffert,,,BOU,D,D,,
06pic,Andre,,,WOL,M,M,5,
06v0f,Jenson Seelt,,,SUN,D,D,5,
04yey,Max Kilman,,,WHU,D,D,5,
06zce,Jhon Arias,,,WOL,M,M,,
02oq8,James Ward-Prowse,,,WHU,M,M,,
06fxv,Jean-Ricner Bellegarde,,,WOL,M,M,5,
05t6z,Tim Iroegbunam,,,EVE,M,M,5,
06nyw,Jorge Cuenca,,,FUL,D,D,5,
06do9,Milos Kerkez,,,LIV,D,D,,
04f6o,Will Hughes,,,CRY,M,M,5,
06v02,Joel Piroe,,,LEE,F,F,,
04ge7,Donyell Malen,,,AVL,F,F,5,
06v12,Fer Lopez,,,WOL,F,F,5,
06y4g,Antoni Milambo,,,BRF,M,M,5,
06fhy,Wilson Odobert,,,TOT,F,F,,
05w91,Hwang Hee-Chan,,,WOL,F,F,5,
06r9w,Abdukodir Khusanov,,,MCI,D,D,5,
068a0,Andrey Santos,,,CHE,M,M,5,
05gcs,Sander Berge,,,FUL,M,M,5,
06ab3,Lewis Miley,,,NEW,M,M,5,
05oig,Liam Delap,,,CHE,F,F,,
05o6h,Kai Havertz,,,ARS,F,F,,
0554i,Joelinton,,,NEW,M,M,,
062p3,Keane Lewis-Potter,,,BRF,M,M,5,
06onx,Jean-Clair Todibo,,,WHU,D,D,5,
06fup,Jeremy Doku,,,MCI,M,M,,
05u7f,Ibrahima Konate,,,LIV,D,D,,
068n8,Noni Madueke,,,ARS,M,M,,
05ojf,Fabio Carvalho,,,BRF,M,M,,
06pib,Manuel Ugarte,,,MUN,M,M,5,
0554g,Calvin Bassey,,,FUL,D,D,5,
05t6y,Hannibal Mejbri,,,BUR,M,M,5,
03fgo,Dominic Solanke,,,TOT,F,F,,
04tsb,Viktor Gyökeres,,,ARS,F,F,,
063zi,Matheus Nunes,,,MCI,D,D,,
06yxe,Estevao Willian Almeida de Oliveira Gonçalves,,,CHE,F,F,,
06v0p,Enzo Le Fée,,,SUN,M,M,5,
05ylw,Rodrigo Bentancur,,,TOT,M,M,5,
06nvg,Jota Silva,,,NOT,F,F,5,
061vb,James Hill,,,BOU,D,D,5,
06kx1,Justin Devenny,,,CRY,M,M,5,
02lm7,Jack Grealish,,,EVE,M,M,,
06y27,Loum Tchaouna,,,BUR,F,F,5,
06uzl,Oliver Sonne,,,BUR,D,D,5,
067zv,Kevin Schade,,,BRF,F,F,,
052ca,Ezri Konsa,,,AVL,D,D,5,
04hk9,Mikel Merino,,,ARS,M,M,5,
06y9o,Igor Jesus Maciel da Cruz,,,NOT,F,F,5,
04tzt,Jefferson Lerma,,,CRY,M,M,5,
06dwm,Jacob Bruun Larsen,,,BUR,F,F,5,
05g2o,Joao Pedro,,,CHE,F,F,,
06p5s,Brajan Gruda,,,BHA,M,M,5,
03gu5,Andrew Robertson,,,LIV,D,D,5,
04spq,Jack Harrison,,,LEE,M,M,5,
06uzo,Zian Flemming,,,BUR,M,M,5,
06mn8,Rodrigo Gomes,,,WOL,M,M,5,
06oav,Guido Rodríguez,,,WHU,M,M,5,
06p6j,Evanilson,,,BOU,F,F,,
03gu4,Harry Maguire,,,MUN,D,D,5,
03r93,Joseph Gomez,,,LIV,D,D,5,
06c4h,Hjalmar Ekdal,,,BUR,D,D,5,
06v01,Ilia Gruev,,,LEE,M,M,5,
0646f,Alexander Isak,,,NEW,F,F,,
062ci,Kaoru Mitoma,,,BHA,M,M,,
04abb,Phil Foden,,,MCI,M,M,,
06ex4,Josko Gvardiol,,,MCI,D,D,,
05uor,Yoane Wissa,,,BRF,F,F,,
03rzp,Antonee Robinson,,,FUL,D,D,,
06clt,Justin Kluivert,,,BOU,M,M,,
05y9n,Lewis Hall,,,NEW,D,D,,
063q8,Mikkel Damsgaard,,,BRF,M,M,,
06mvz,Savio,,,MCI,M,M,,
03am7,Jacob Murphy,,,NEW,M,M,,
04p0d,Dwight McNeil,,,EVE,M,M,,
0524k,Rodri,,,MCI,M,M,,
068lx,Dango Ouattara,,,BRF,M,M,,
05ybq,Vitalii Mykolenko,,,EVE,D,D,,
052cb,Ian Maatsen,,,AVL,D,D,5,
06fxe,Ryan Gravenberch,,,LIV,M,M,,
02lnx,Danny Welbeck,,,BHA,F,F,5,
06rm8,Mathys Tel,,,TOT,F,F,5,
06cm1,Nicolas Jackson,,,CHE,F,F,,
05ylx,Dejan Kulusevski,,,TOT,M,M,,
05uhj,Conor Bradley,,,LIV,D,D,,
06p4j,Noussair Mazraoui,,,MUN,D,D,5,
06ybp,Thierno Barry,,,EVE,F,F,5,
04sat,Emile Smith Rowe,,,FUL,M,M,,
05l27,Jarrad Branthwaite,,,EVE,D,D,5,
0520r,Leandro Trossard,,,ARS,M,M,,
062dt,João Palhinha,,,TOT,M,M,5,
0414o,James Maddison,,,TOT,M,M,5,
063y7,Destiny Udogie,,,TOT,D,D,,
065ao,Ethan Nwaneri,,,ARS,M,M,,
060wh,Alejandro Garnacho,,,MUN,M,M,5,
05uhs,James Mcatee,,,NOT,M,M,5,
06clz,Malo Gusto,,,CHE,D,D,5,
06zwj,Evann Guessand,,,AVL,F,F,,
04qfm,Ryan Sessegnon,,,FUL,M,M,5,
03u2b,Adama Traore,,,FUL,F,F,5,
03yeg,Tosin Adarabioyo,,,CHE,D,D,5,
061ve,Ryan Christie,,,BOU,M,M,5,
051k3,Jacob Ramsey,,,NEW,M,M,5,
062p5,Levi Colwill,,,CHE,D,D,5,
03jly,Andreas Pereira,,,FUL,M,M,5,
04xjr,Harvey Elliott,,,LIV,M,M,5,
05tr8,Christian Norgaard,,,ARS,M,M,5,
06zqq,Jorrel Hato,,,CHE,D,D,5,
044w8,Marcus Edwards,,,BUR,F,F,5,
0666p,Kobbie Mainoo,,,MUN,M,M,5,
043qy,Lewis Cook,,,BOU,M,M,5,
06mnm,Marc Guiu,,,SUN,F,F,5,
03r8x,Callum Wilson,,,WHU,F,F,5,
067ys,Jack Hinshelwood,,,BHA,M,M,5,
05rl4,Crysencio Summerville,,,WHU,M,M,5,
0649j,Manuel Akanji,,,MCI,D,D,5,
062a9,Sven Botman,,,NEW,D,D,5,
04ge8,Reiss Nelson,,,ARS,F,F,5,
06exb,Rasmus Hojlund,,,MUN,F,F,5,
05gvx,Armando Broja,,,BUR,F,F,5,
06r2g,Rio Ngumoha,,,LIV,F,F,5,
0435t,Ilkay Gundogan,,,MCI,M,M,5,
06mve,Joshua Zirkzee,,,MUN,F,F,5,
06crm,Pau Torres,,,AVL,D,D,5,
03zsq,Kyle Walker-Peters,,,WHU,D,D,5,
06xzd,Charalampos Kostoulas,,,BHA,F,F,5,
051kl,Emiliano Buendia,,,AVL,M,M,5,
05opl,Wesley Fofana,,,CHE,D,D,5,
0700p,Malick Thiaw,,,NEW,D,D,5,
06r9h,Romain Esse,,,CRY,M,M,5,
066nn,Ben Doak,,,BOU,F,F,5,
062pl,Lisandro Martinez,,,MUN,D,D,5,
05tr1,Ethan Pinnock,,,BRF,D,D,5,
04ge9,Eddie Nketiah,,,CRY,F,F,5,
05uns,Leon Bailey,,,AVL,M,M,5,
05n3v,Konstantinos Tsimikas,,,LIV,D,D,5,
045c8,Gabriel Jesus,,,ARS,F,F,5,
04rzl,Taiwo Awoniyi,,,NOT,F,F,5,
02lk5,Jordan Henderson,,,BRF,M,M,5,
04ug0,Sean Longstaff,,,LEE,M,M,5,
02y6o,Nathan Ake,,,MCI,D,D,5,
067yu,Facundo Buonanotte,,,BHA,M,M,5,
06329,Manor Solomon,,,TOT,F,F,5,
06cm0,Christopher Nkunku,,,CHE,F,F,5,
05ts6,Yerson Mosquera,,,WOL,D,D,5,
057cr,Kevin Danso,,,TOT,D,D,5,
06xza,Eli Kroupi,,,BOU,F,F,5,
062h9,Luis Sinisterra,,,BOU,F,F,5,
06zef,Adam Aznou,,,EVE,D,D,5,
06yey,Borna Sosa,,,CRY,D,D,5,
04e1k,Solly March,,,BHA,M,M,5,
05t6x,William Osula,,,NEW,F,F,5,
04u41,Mateo Kovacic,,,MCI,M,M,5,
06zbm,Cristhian Mosquera,,,ARS,D,D,5,
049tq,Dominic Calvert-Lewin,,,LEE,F,F,5,
061xs,Julio Enciso,,,BHA,M,M,5,
05unu,Romeo Lavia,,,CHE,M,M,5,
05o4c,Timothy Castagne,,,FUL,D,D,5,
06v0m,Luke O'Nien,,,SUN,M,M,5,
06f81,Edson Alvarez,,,WHU,M,M,5,
03ek4,Patrick Bamford,,,LEE,F,F,5,
06mnc,Daichi Kamada,,,CRY,M,M,5,
06v0l,Chris Rigg,,,SUN,M,M,5,
06xzc,Stefanos Tzimas,,,BHA,F,F,5,
06kqy,Ayden Heaven,,,MUN,D,D,5,
06v51,Jaka Bijol,,,LEE,D,D,5,
05a6d,Tariq Lamptey,,,BHA,D,D,5,
03brm,Patrick Roberts,,,SUN,M,M,5,
06y26,Olivier Boscagli,,,BHA,D,D,5,
06kyw,Claudio Echeverri,,,MCI,M,M,5,
068sd,Jakub Kiwior,,,ARS,D,D,5,
06roj,Chido Obi-Martin,,,MUN,F,F,5,
06uyd,Diego Coppola,,,BHA,D,D,5,
04gw7,Jadon Sancho,,,MUN,M,M,5,
06uzn,Lucas Pires,,,BUR,D,D,5,
06p4l,Julian Araujo,,,BOU,D,D,5,
06hze,Treymaurice Nyoni,,,LIV,M,M,5,
06exa,Matheus Franca,,,CRY,F,F,5,
05yct,Nathan Patterson,,,EVE,D,D,5,
06ygm,Jair Paula da Cunha Filho,,,NOT,D,D,5,
04sft,Yves Bissouma,,,TOT,M,M,5,
06fy7,Nicolas Dominguez,,,NOT,M,M,5,
05y5b,Freddie Potts,,,WHU,M,M,5,
05mxa,Joel Veltman,,,BHA,D,D,5,
06mrz,Pedro Lima,,,WOL,D,D,5,
04mqv,Emerson,,,WHU,D,D,5,
06l4i,Tyrique George,,,CHE,F,F,5,
03sbh,Enes Unal,,,BOU,F,F,5,
06v0y,Luka Vuskovic,,,TOT,D,D,5,
0649i,Antony,,,MUN,M,M,5,
06635,Oliver Scarles,,,WHU,D,D,5,
05g4d,Dennis Cirkin,,,SUN,D,D,5,
05tre,Vitaly Janelt,,,BRF,M,M,5,
06yb8,Diego León,,,MUN,D,D,5,
068a1,Mykhailo Mudryk,,,CHE,M,M,5,
06ys4,Sverre Nypan,,,MCI,M,M,5,
03xrs,Axel Tuanzebe,,,BUR,D,D,5,
062ot,Cheick Doucoure,,,CRY,M,M,5,
06mgp,Luis Guilherme,,,WHU,M,M,5,
06v0j,Dan Neil,,,SUN,M,M,5,
04ge6,Joe Willock,,,NEW,M,M,5,
043c1,Oleksandr Zinchenko,,,ARS,D,D,5,
06dqv,Luca Koleosho,,,BUR,M,M,5,
06804,Benoit Badiashile,,,CHE,D,D,5,
0687b,Alex Moreno,,,AVL,D,D,5,
02lpf,Ross Barkley,,,AVL,M,M,5,
06uns,Tom Watson,,,BHA,F,F,5,
05uel,Kristoffer Ajer,,,BRF,D,D,5,
06onv,Harrison Armstrong,,,EVE,M,M,5,
062p0,Stefan Bajcetic,,,LIV,M,M,5,
05w9q,Odsonne Edouard,,,CRY,F,F,5,
04ml6,Konstantinos Mavropanos,,,WHU,D,D,5,
062du,Darko Gyabi,,,LEE,M,M,5,
05afj,Largie Ramazani,,,LEE,F,F,5,
06dmn,George Earthy,,,WHU,M,M,5,
06r9v,Andres García,,,AVL,D,D,5,
045yy,Arthur Masuaku,,,SUN,D,D,5,
06fwx,Santiago Bueno,,,WOL,D,D,5,
06ime,Radu Dragusin,,,TOT,D,D,5,
05ubv,Omari Hutchinson,,,NOT,F,F,5,
056ir,Adam Webster,,,BHA,D,D,5,
06eka,Igor Julio,,,BHA,D,D,5,
06l2r,Harry Amass,,,MUN,D,D,5,
04f67,Philip Billing,,,BOU,M,M,5,
06uzv,Dario Essugo,,,CHE,M,M,5,
02lpl,Seamus Coleman,,,EVE,D,D,5,
02oo1,Ben Davies,,,TOT,D,D,5,
02lv9,James Milner,,,BHA,M,M,5,
06zxx,Divine Mukasa,,,MCI,M,M,5,
05vyc,Aaron Ramsey,,,BUR,M,M,5,
04azm,Connor Roberts,,,BUR,D,D,5,
06pig,Morato,,,NOT,D,D,5,
06nvc,Asher Agbinone,,,CRY,M,M,5,
04qos,Issa Diop,,,FUL,D,D,5,
05r4r,Sam Greenwood,,,LEE,F,F,5,
05n03,Kalvin Phillips,,,MCI,M,M,5,
06v00,Sam Chambers,,,LEE,M,M,5,
05746,Emil Krafth,,,NEW,D,D,5,
06few,Youssef Chermiti,,,EVE,F,F,5,
06mnn,Chadi Riad,,,CRY,D,D,5,
05o8k,Fabio Silva,,,WOL,F,F,5,
06r7f,Julio Soler,,,BOU,D,D,5,
06zrt,Will Wright,,,LIV,F,F,5,
06442,Zach Abbott,,,NOT,D,D,5,
06dn2,Zeki Amdouni,,,BUR,F,F,5,
05r4h,Lamare Bogarde,,,AVL,D,D,5,
02t1k,Nathaniel Clyne,,,CRY,D,D,5,
03pig,Jamaal Lascelles,,,NEW,D,D,5,
06do1,Zach Marsh,,,CRY,F,F,5,
05x9k,Jeremy Sarmiento,,,BHA,M,M,5,
06uzx,Isaac Schmidt,,,LEE,D,D,5,
0372y,Matt Targett,,,NEW,D,D,5,
03dxr,Ashley Barnes,,,BUR,F,F,5,
06y28,Sebastiaan Bornauw,,,LEE,D,D,5,
06xzb,Romelle Donovan,,,BRF,M,M,5,
064op,Tyler Fredricson,,,MUN,D,D,5,
06fwo,Enso Gonzalez,,,WOL,F,F,5,
06ewy,Alex Murphy,,,NEW,D,D,5,
06phr,Gustavo Nunes,,,BRF,F,F,5,
037mt,Harrison Reed,,,FUL,M,M,5,
05tr5,Mads Roerslev,,,BRF,D,D,5,
061z3,Fabio Vieira,,,ARS,M,M,5,
05wwd,Joshua Wilson-Esbrand,,,MCI,D,D,5,
05ogg,Ajibola Alese,,,SUN,D,D,5,
04qr0,Willy Boly,,,NOT,D,D,5,
03ysd,Sam Byram,,,LEE,D,D,5,
05w90,Maxwel Cornet,,,WHU,F,F,5,
04u6i,Leander Dendoncker,,,AVL,M,M,5,
05uh9,Bryan Gil,,,TOT,F,F,5,
06mnb,Samuel Iling-Junior,,,AVL,F,F,5,
06zrq,Wellity Lucky,,,LIV,D,D,5,
06rpm,Mateus Mané,,,WOL,F,F,5,
05udw,Romaine Mundle,,,SUN,F,F,5,
066iz,Lewis Orford,,,WHU,M,M,5,
06zc0,Seung-Soo Park,,,NEW,F,F,5,
05rjn,Jesurun Rak-Sakyi,,,CRY,M,M,5,
05nip,Dane Scarlett,,,TOT,F,F,5,
061xw,Joe Worrall,,,BUR,D,D,5,
06uzr,Jaydon Banel,,,BUR,F,F,5,
06clx,Jordan Beyer,,,BUR,D,D,5,
06ib6,Tawanda Chirewa,,,WOL,M,M,5,
066sh,Bashir Humphreys,,,BUR,D,D,5,
06492,Sasa Kalajdzic,,,WOL,F,F,5,
06nvb,Caleb Kporha,,,CRY,D,D,5,
06cly,Enock Agyei,,,BUR,F,F,5,
06v0v,Milan Aleksic,,,SUN,F,F,5,
06r5m,Aaron Anselmino,,,CHE,D,D,5,
06v0k,Alan Browne,,,SUN,M,M,5,
06fuh,Hannes Delcroix,,,BUR,D,D,5,
06jgk,Romain Faivre,,,BOU,M,M,5,
05x12,Leo Fuhr Hjelde,,,SUN,D,D,5,
05r2t,Niall Huggins,,,SUN,F,F,5,
06ils,Yunus Konak,,,BRF,M,M,5,
04tsf,Paris Maghoma,,,BRF,M,M,5,
06mgk,Jayden Meghoma,,,BRF,D,D,5,
061z5,Calvin Ramsay,,,LIV,D,D,5,
06r3w,Remy Rees-Dottin,,,BOU,F,F,5,
062oi,Kaden Rodney,,,CRY,M,M,5,
05ue3,Albert Sambi Lokonga,,,ARS,M,M,5,
062cj,Abdallah Sima,,,BHA,F,F,5,
06ya6,Kota Takai,,,TOT,D,D,5,
06fy5,Mike Tresor,,,BUR,F,F,5,
06kk4,Franco Umeh-Chibueze,,,CRY,F,F,5,
05oji,Rhys Williams,,,LIV,D,D,5,
06qwh,Ben Winterburn,,,BOU,M,M,5,
06mnd,Eric da Silva Moreira,,,NOT,F,F,5,
068ys,Naouirou Ahamada,,,CRY,M,M,5,
05ogh,Harrison Ashby,,,NEW,D,D,5,
0643r,Owen Bevan,,,BOU,D,D,5,
05tz8,Emmanuel Dennis,,,NOT,F,F,5,
05uog,Lewis Dobbin,,,AVL,F,F,5,
06441,Martial Godo,,,FUL,F,F,5,
062ft,Tyrell Malacia,,,MUN,D,D,5,
04ym3,Ian Poveda-Ocampo,,,SUN,F,F,5,
062op,Omar Richards,,,NOT,D,D,5,
06v0u,Ahmed Abdullahi,,,SUN,F,F,5,
06zod,Dean Benamar,,,CRY,D,D,5,
06zbt,Rio Cardines,,,CRY,M,M,5,
06zvn,George Hemmings,,,AVL,M,M,5,
06v0q,Harrison Jones,,,SUN,M,M,5,
06c4p,Benson Manuel,,,BUR,F,F,5,
06hcm,Callum Marshall,,,WHU,F,F,5,
05r93,Tyler Onyango,,,EVE,M,M,5,
05nuf,Myles Peart-Harris,,,BRF,M,M,5,
05uh0,Joseph Anderson,,,SUN,D,D,5,
06kwh,Benjamin Arthur,,,BRF,D,D,5,
06xzn,Abdoullah Ba,,,SUN,M,M,5,
06cm7,Josh Bowler,,,NOT,M,M,5,
06zoe,Luke Browne,,,CRY,D,D,5,
06zc3,Jun'ai Byfield,,,TOT,D,D,5,
06zrr,Josh Davidson,,,LIV,D,D,5,
06prv,Jamaldeen Jimoh,,,AVL,M,M,5,
06zrs,Michael Laffey,,,LIV,M,M,5,
0701y,Giovanni Leoni,,,LIV,D,D,5,
04ylt,Chris Mepham,,,BOU,D,D,5,
06xzj,David Mota Veiga Teixeira do Carmo,,,NOT,D,D,5,
06xzk,Timothee Pembélé,,,SUN,D,D,5,
06xzq,Nazariy Rusyn,,,SUN,F,F,5,
06xzp,Luis Hemir Silva Semedo,,,SUN,F,F,5,
06zxz,Scott Bailey,,,NEW,M,M,5,
0700s,Adam Berry,,,NOT,M,M,5,
06zqj,Ethan Laidlaw,,,BRF,F,F,5,
05vyh,Andy Moran,,,BHA,M,M,5,
06mmk,Marko Stamenic,,,NOT,M,M,5,
06zqi,Joshua Stephenson,,,BRF,D,D,5,
06xzl,Nectarios Triantis,,,SUN,D,D,5,
06xzm,Zak Johnson,,,SUN,D,D,5,
0703h,Arnaud Kalimuendo,,,NOT,F,F,5,
06xzo,Jay Matete,,,SUN,M,M,5,
0703c,Nordi Mukiele,,,SUN,D,D,5,
06v0w,Trey Ogunsuyi,,,SUN,F,F,5,
0700r,Jimmy Sinclair,,,NOT,M,M,5,
070bg,Jackson Tchatchoua,,,WOL,D,D,5,
0700q,Archie Whitehall,,,NOT,M,M,5,
06rf9,Omar Marmoush,,,MCI,F,F,,
04qrc,Raul Jimenez,,,FUL,F,F,,
02lp9,Kyle Walker,,,BUR,D,D,5,
0700u,Bafode Diakité,,,BOU,D,D,5,
06eo0,Lesley Ugochukwu,,,BUR,M,M,5,
06dmj,Jurrien Timber,,,ARS,D,D,,
0620k,Nayef Aguerd,,,WHU,D,D,5,
062og,Aaron Hickey,,,BRF,D,D,5,
0328q,Tom Cairney,,,FUL,M,M,5,
066sd,Myles Lewis-Skelly,,,ARS,D,D,,
06phe,Ferdi Kadioglu,,,BHA,D,D,5,
06zqk,David Møller Wolfe,,,WOL,D,D,5,
05yg5,Toti,,,WOL,D,D,5,
05u1m,Nathan Collins,,,BRF,D,D,,
067x8,Nico O'Reilly,,,MCI,M,M,5,
06r7k,Emmanuel Agbadou,,,WOL,D,D,5,
02m11,Matt Doherty,,,WOL,D,D,5,
